{
    "root_group": {
        "id": "d41d8cd98f00b204e9800998ecf8427e",
        "groups": {},
        "checks": {
                "status is 200": {
                    "name": "status is 200",
                    "path": "::status is 200",
                    "id": "6210a8cd14cd70477eba5c5e4cb3fb5f",
                    "passes": 3340,
                    "fails": 0
                },
                "response time < 1000ms": {
                    "name": "response time < 1000ms",
                    "path": "::response time < 1000ms",
                    "id": "20fb4e832cf064157637fa0f29b41aa6",
                    "passes": 3340,
                    "fails": 0
                }
            },
        "name": "",
        "path": ""
    },
    "metrics": {
        "http_reqs": {
            "count": 3340,
            "rate": 6.184962042062977
        },
        "data_received": {
            "count": 19412378,
            "rate": 35947.5512204127
        },
        "http_req_connecting": {
            "avg": 0.04443808383233533,
            "min": 0,
            "med": 0,
            "max": 148.4232,
            "p(90)": 0,
            "p(95)": 0
        },
        "iterations": {
            "count": 3340,
            "rate": 6.184962042062977
        },
        "checks": {
            "passes": 6680,
            "fails": 0,
            "thresholds": {
                "rate>0.99": false
            },
            "value": 1
        },
        "http_req_waiting": {
            "avg": 156.2916835029941,
            "min": 143.6841,
            "med": 154.75875,
            "max": 421.4098,
            "p(90)": 161.46574,
            "p(95)": 165.45828500000002
        },
        "vus": {
            "value": 1,
            "min": 1,
            "max": 1
        },
        "http_req_tls_handshaking": {
            "p(95)": 0,
            "avg": 0.0722111377245509,
            "min": 0,
            "med": 0,
            "max": 241.1852,
            "p(90)": 0
        },
        "http_req_duration{expected_response:true}": {
            "avg": 161.1120482934125,
            "min": 151.2427,
            "med": 159.0981,
            "max": 479.4311,
            "p(90)": 165.32208,
            "p(95)": 169.57300999999998
        },
        "iteration_duration": {
            "med": 159.46359999999999,
            "max": 659.4027,
            "p(90)": 165.76945,
            "p(95)": 170.24498,
            "avg": 161.67183134730507,
            "min": 154.0729
        },
        "vus_max": {
            "value": 1,
            "min": 1,
            "max": 1
        },
        "http_req_failed": {
            "passes": 0,
            "fails": 3340,
            "thresholds": {
                "rate<0.01": false
            },
            "value": 0
        },
        "http_req_blocked": {
            "min": 0,
            "med": 0,
            "max": 489.1955,
            "p(90)": 0,
            "p(95)": 0,
            "avg": 0.14673745508982036
        },
        "http_req_sending": {
            "p(95)": 0.5611799999999996,
            "avg": 0.1344019760479043,
            "min": 0,
            "med": 0,
            "max": 3.7046,
            "p(90)": 0.51681
        },
        "http_req_duration": {
            "p(90)": 165.32208,
            "p(95)": 169.57300999999998,
            "avg": 161.1120482934125,
            "min": 151.2427,
            "med": 159.0981,
            "max": 479.4311,
            "thresholds": {
                "p(95)<1000": false
            }
        },
        "data_sent": {
            "count": 285677,
            "rate": 529.0123955959357
        },
        "http_req_receiving": {
            "med": 4.052949999999999,
            "max": 325.1855,
            "p(90)": 8.69364,
            "p(95)": 10.956805,
            "avg": 4.685962814371257,
            "min": 0
        }
    }
}