{
    "root_group": {
        "id": "d41d8cd98f00b204e9800998ecf8427e",
        "groups": {},
        "checks": {
                "status is 200": {
                    "name": "status is 200",
                    "path": "::status is 200",
                    "id": "6210a8cd14cd70477eba5c5e4cb3fb5f",
                    "passes": 4739,
                    "fails": 0
                },
                "response time < 1000ms": {
                    "fails": 0,
                    "name": "response time < 1000ms",
                    "path": "::response time < 1000ms",
                    "id": "20fb4e832cf064157637fa0f29b41aa6",
                    "passes": 4739
                }
            },
        "name": "",
        "path": ""
    },
    "metrics": {
        "http_req_duration{expected_response:true}": {
            "p(95)": 120.29711999999999,
            "avg": 113.52939985228926,
            "min": 100.3189,
            "med": 111.7886,
            "max": 584.7851,
            "p(90)": 117.30598
        },
        "http_req_duration": {
            "avg": 113.52939985228926,
            "min": 100.3189,
            "med": 111.7886,
            "max": 584.7851,
            "p(90)": 117.30598,
            "p(95)": 120.29711999999999,
            "thresholds": {
                "p(95)<1000": false
            }
        },
        "http_req_tls_handshaking": {
            "p(90)": 0,
            "p(95)": 0,
            "avg": 0.03112036294576915,
            "min": 0,
            "med": 0,
            "max": 147.4794
        },
        "vus_max": {
            "value": 1,
            "min": 1,
            "max": 1
        },
        "http_req_waiting": {
            "max": 584.7851,
            "p(90)": 113.70801999999999,
            "p(95)": 117.12928000000001,
            "avg": 109.55469253006956,
            "min": 95.9717,
            "med": 108.2581
        },
        "vus": {
            "value": 1,
            "min": 1,
            "max": 1
        },
        "iteration_duration": {
            "p(95)": 120.80443999999994,
            "avg": 113.9454034395443,
            "min": 100.8379,
            "med": 112.1279,
            "max": 584.293,
            "p(90)": 117.69973999999999
        },
        "http_reqs": {
            "count": 4739,
            "rate": 8.77343392950085
        },
        "http_req_receiving": {
            "med": 3.0886,
            "max": 77.6923,
            "p(90)": 7.908739999999998,
            "p(95)": 9.817539999999944,
            "avg": 3.8347981641696434,
            "min": 0
        },
        "checks": {
            "passes": 9478,
            "fails": 0,
            "thresholds": {
                "rate>0.99": false
            },
            "value": 1
        },
        "http_req_connecting": {
            "p(90)": 0,
            "p(95)": 0,
            "avg": 0.02137678835197299,
            "min": 0,
            "med": 0,
            "max": 101.3046
        },
        "http_req_sending": {
            "avg": 0.13990915805022172,
            "min": 0,
            "med": 0,
            "max": 22.101,
            "p(90)": 0.5181,
            "p(95)": 0.58561
        },
        "http_req_failed": {
            "fails": 4739,
            "passes": 0,
            "thresholds": {
                "rate<0.01": false
            },
            "value": 0
        },
        "http_req_blocked": {
            "p(95)": 0,
            "avg": 0.05879263557712598,
            "min": 0,
            "med": 0,
            "max": 276.0837,
            "p(90)": 0
        },
        "data_received": {
            "rate": 50964.425972925645,
            "count": 27528607
        },
        "iterations": {
            "count": 4739,
            "rate": 8.77343392950085
        },
        "data_sent": {
            "count": 404592,
            "rate": 749.0316903153847
        }
    }
}