{
    "root_group": {
        "name": "",
        "path": "",
        "id": "d41d8cd98f00b204e9800998ecf8427e",
        "groups": {},
        "checks": {
                "status is 200": {
                    "name": "status is 200",
                    "path": "::status is 200",
                    "id": "6210a8cd14cd70477eba5c5e4cb3fb5f",
                    "passes": 1112,
                    "fails": 0
                },
                "response time < 1000ms": {
                    "fails": 54,
                    "name": "response time < 1000ms",
                    "path": "::response time < 1000ms",
                    "id": "20fb4e832cf064157637fa0f29b41aa6",
                    "passes": 1058
                }
            }
    },
    "metrics": {
        "iteration_duration": {
            "med": 422.71389999999997,
            "max": 2315.1207,
            "p(90)": 514.1575499999999,
            "p(95)": 995.8726650000004,
            "avg": 486.08875053956854,
            "min": 347.7435
        },
        "http_req_waiting": {
            "avg": 475.87771007194283,
            "min": 345.9134,
            "med": 416.376,
            "max": 1998.8045,
            "p(90)": 497.9531899999999,
            "p(95)": 966.8668250000004
        },
        "data_received": {
            "count": 6489895,
            "rate": 12005.66237117571
        },
        "http_req_duration": {
            "avg": 483.8906281474821,
            "min": 347.7435,
            "med": 422.24975,
            "max": 2014.8339,
            "p(90)": 507.26129,
            "p(95)": 986.5119700000005,
            "thresholds": {
                "p(95)<2000": false
            }
        },
        "checks": {
            "passes": 2170,
            "fails": 54,
            "value": 0.9757194244604317
        },
        "iterations": {
            "count": 1112,
            "rate": 2.0570897613516688
        },
        "data_sent": {
            "count": 96297,
            "rate": 178.13990355115257
        },
        "http_req_receiving": {
            "med": 5.6456,
            "max": 358.6513,
            "p(90)": 14.655229999999998,
            "p(95)": 16.771605,
            "avg": 7.848432464028774,
            "min": 0
        },
        "http_req_sending": {
            "avg": 0.1644856115107915,
            "min": 0,
            "med": 0.056249999999999994,
            "max": 3.9906,
            "p(90)": 0.5534,
            "p(95)": 0.6145550000000001
        },
        "vus": {
            "value": 1,
            "min": 1,
            "max": 1
        },
        "vus_max": {
            "value": 1,
            "min": 1,
            "max": 1
        },
        "http_reqs": {
            "count": 1112,
            "rate": 2.0570897613516688
        },
        "http_req_blocked": {
            "avg": 1.7052003597122303,
            "min": 0,
            "med": 0,
            "max": 1896.1212,
            "p(90)": 0,
            "p(95)": 0
        },
        "http_req_failed": {
            "passes": 0,
            "fails": 1112,
            "thresholds": {
                "rate<0.01": false
            },
            "value": 0
        },
        "http_req_duration{expected_response:true}": {
            "p(90)": 507.26129,
            "p(95)": 986.5119700000005,
            "avg": 483.8906281474821,
            "min": 347.7435,
            "med": 422.24975,
            "max": 2014.8339
        },
        "http_req_connecting": {
            "min": 0,
            "med": 0,
            "max": 1423.3426,
            "p(90)": 0,
            "p(95)": 0,
            "avg": 1.2799843525179855
        },
        "http_req_tls_handshaking": {
            "p(95)": 0,
            "avg": 0.40303354316546763,
            "min": 0,
            "med": 0,
            "max": 448.1733,
            "p(90)": 0
        }
    }
}